date,users,keystrokes,words,predictions,keystrokes_saved,minutes,sessions,prediction_offers
"2026-09-07",0,0,0,0,0,0,0,0
"2026-09-08",1,84955,31612,25937,101533,37103,93,85592
"2026-09-09",1,86592,32332,26566,104024,37730,94,87285
"2026-09-10",1,88260,32972,27096,106150,38283,96,88994
"2026-09-11",1,90256,33751,27763,108819,38895,97,91031
"2026-09-12",1,91948,34504,28399,111378,39492,98,92810
"2026-09-13",1,93158,34944,28749,112860,40005,99,94027
"2026-09-14",1,94517,35540,29238,114997,40502,100,95409
"2026-09-15",1,97023,36520,30082,118554,41157,101,97941
"2026-09-16",1,98608,37213,30666,121076,41793,102,99663
"2026-09-17",1,100040,37799,31138,123054,42376,105,101193
"2026-09-18",1,100040,37799,31138,123054,42376,105,101193
"2026-09-19",2,101464,38317,31552,124790,45614,112,102698
"2026-09-20",2,103232,39040,32176,127274,46292,113,104644
"2026-09-21",2,104217,39475,32553,128702,46783,114,105750
"2026-09-22",2,104217,39475,32553,128702,46783,114,105750
"2026-09-23",2,107340,40845,33713,133303,48538,117,108986
"2026-09-24",2,109491,41803,34568,136689,49880,121,111212
"2026-09-25",2,111562,42771,35409,140248,50293,123,113353
"2026-09-26",2,113938,43821,36330,144006,50781,125,115796
"2026-09-27",2,114431,44096,36576,145037,50848,126,116291
"2026-09-28",2,115487,44586,37019,146780,50972,127,117420
"2026-09-29",2,115734,44678,37097,147115,51058,128,117678
"2026-09-30",2,115734,44678,37097,147115,51058,128,117678
"2026-10-01",2,116133,44871,37265,147777,51235,130,118144
"2026-10-02",2,116351,44917,37307,147939,51834,131,118318
"2026-10-03",2,117444,45378,37704,149358,51974,132,119425
"2026-10-04",2,117625,45440,37747,149522,52034,133,119629
"2026-10-05",2,120301,46657,38788,153788,53810,138,122630
"2026-10-06",2,121112,47076,39151,155290,54330,141,123545
"2026-10-07",2,122948,47938,39919,158310,54764,144,125543
"2026-10-08",2,124046,48480,40409,160225,55320,146,126734
